sample_id,label,measure,long,thaiha,agree
GTS01,danger,count,2,2,1
GTS01,danger,attr:ego_relevance,__undefined__|__undefined__,__undefined__|__undefined__,1
GTS01,danger,attr:needs_review,false|false,false|false,1
GTS01,danger,attr:visibility,__undefined__|__undefined__,__undefined__|__undefined__,1
GTS01,mandatory,count,0,0,1
GTS01,other,count,0,0,1
GTS01,prohibitory,count,4,4,1
GTS01,prohibitory,attr:ego_relevance,relevant|relevant|relevant|relevant,relevant|relevant|relevant|relevant,1
GTS01,prohibitory,attr:needs_review,false|false|false|false,false|false|false|false,1
GTS01,prohibitory,attr:visibility,readable|readable|readable|readable,readable|readable|readable|readable,1
GTS03,danger,count,1,1,1
GTS03,danger,attr:ego_relevance,relevant,relevant,1
GTS03,danger,attr:needs_review,false,false,1
GTS03,danger,attr:visibility,readable,readable,1
GTS03,mandatory,count,1,1,1
GTS03,mandatory,attr:ego_relevance,relevant,relevant,1
GTS03,mandatory,attr:needs_review,false,false,1
GTS03,mandatory,attr:visibility,readable,readable,1
GTS03,other,count,2,2,1
GTS03,other,attr:ego_relevance,relevant|relevant,relevant|relevant,1
GTS03,other,attr:needs_review,false|false,false|false,1
GTS03,other,attr:visibility,readable|readable,readable|readable,1
GTS03,prohibitory,count,1,1,1
GTS03,prohibitory,attr:ego_relevance,relevant,relevant,1
GTS03,prohibitory,attr:needs_review,false,false,1
GTS03,prohibitory,attr:visibility,readable,readable,1
GTS04,danger,count,0,0,1
GTS04,mandatory,count,0,0,1
GTS04,other,count,0,0,1
GTS04,prohibitory,count,2,4,0
GTS04,prohibitory,attr:ego_relevance,relevant|relevant,relevant|relevant|relevant|relevant,0
GTS04,prohibitory,attr:needs_review,false|false,false|false|false|false,0
GTS04,prohibitory,attr:visibility,readable|readable,readable|readable|readable|readable,0
GTS08,danger,count,0,0,1
GTS08,mandatory,count,0,0,1
GTS08,other,count,0,0,1
GTS08,prohibitory,count,2,4,0
GTS08,prohibitory,attr:ego_relevance,relevant|relevant,__undefined__|__undefined__|relevant|relevant,0
GTS08,prohibitory,attr:needs_review,false|false,false|false|false|false,0
GTS08,prohibitory,attr:visibility,readable|readable,__undefined__|__undefined__|readable|readable,0
GTS10,danger,count,0,0,1
GTS10,mandatory,count,2,2,1
GTS10,mandatory,attr:ego_relevance,__undefined__|relevant,__undefined__|relevant,1
GTS10,mandatory,attr:needs_review,false|false,false|false,1
GTS10,mandatory,attr:visibility,__undefined__|readable,__undefined__|readable,1
GTS10,other,count,0,0,1
GTS10,prohibitory,count,0,0,1
GTS11,danger,count,0,0,1
GTS11,mandatory,count,1,1,1
GTS11,mandatory,attr:ego_relevance,__undefined__,__undefined__,1
GTS11,mandatory,attr:needs_review,false,false,1
GTS11,mandatory,attr:visibility,__undefined__,__undefined__,1
GTS11,other,count,0,0,1
GTS11,prohibitory,count,0,0,1
