sample_id,decision_id,expected,severity,kind,peer_evidence,correct,note
GTS18,d1,traffic_sign x2 trên cùng cột: sign_group=danger (tam giác đường cong) và sign_group=prohibitory (tròn viền đỏ 30),major,decision,traffic_sign [ego_relevant=relevant;needs_review=false;sign_group=danger;visibility=clear] | traffic_sign [ego_relevant=relevant;needs_review=false;sign_group=prohibitory;visibility=clear],1,"2 khung riêng: danger + prohibitory, đúng nhóm."
GTS18,d2,geometry: hai khung riêng ôm sát từng mặt biển; không lấy cột; không vẽ tấm thông báo trắng trên hàng rào bên phải,minor,geometry,traffic_sign [ego_relevant=relevant;needs_review=false;sign_group=danger;visibility=clear] | traffic_sign [ego_relevant=relevant;needs_review=false;sign_group=prohibitory;visibility=clear],1,"Khung danger [711,266,780,342] và prohibitory [721,341,772,399] ôm sát mặt biển, không lấy cột; tấm thông báo trên hàng rào không vẽ."
GTS18,d3,ego_relevant=relevant cho cả hai biển,major,decision,traffic_sign [ego_relevant=relevant;needs_review=false;sign_group=danger;visibility=clear] | traffic_sign [ego_relevant=relevant;needs_review=false;sign_group=prohibitory;visibility=clear],1,Cả hai biển relevant.
GTS26,d1,đúng 1 khung traffic_sign cho tam giác nhỏ ở xa giữa ảnh; không được để trống ảnh,critical,decision,traffic_sign [ego_relevant=relevant;needs_review=false;sign_group=danger;visibility=clear],1,"Có đúng 1 khung [712,493,734,511] cho tam giác nhỏ ở xa; không bỏ sót."
GTS26,d2,sign_group=danger cho tam giác đó (unknown + needs_review cũng chấp nhận nếu không thấy rõ đỉnh hướng lên),major,decision,traffic_sign [ego_relevant=relevant;needs_review=false;sign_group=danger;visibility=clear],1,sign_group=danger.
GTS27,d1,sign_group=danger; ego_relevant=relevant,major,decision,traffic_sign [ego_relevant=relevant;needs_review=false;sign_group=danger;visibility=clear],1,"danger, relevant."
GTS27,d2,visibility=poor,minor,decision,traffic_sign [ego_relevant=relevant;needs_review=false;sign_group=danger;visibility=clear],0,"Peer để visibility=clear (giá trị mặc định) cho biển ngược sáng; guideline mục 6 ghi lóa/ngược sáng → poor. Khả năng cao là quên đổi mặc định, đúng rủi ro peer nêu ở câu 4."
GTS27,d3,tổng 1 khung trong ảnh; không vẽ cọc tiêu trắng bên đường,minor,decision,traffic_sign [ego_relevant=relevant;needs_review=false;sign_group=danger;visibility=clear],1,"Tổng 1 khung, không vẽ cọc tiêu."
GTS23,d1,sign_group=priority cho CẢ HAI biển STOP (trái và phải),critical,decision,traffic_sign [ego_relevant=relevant;needs_review=false;sign_group=mandatory;visibility=clear] | traffic_sign [ego_relevant=relevant;needs_review=false;sign_group=prohibitory;visibility=clear]×2,0,"Critical escape: hai biển STOP bị gán prohibitory thay vì priority. Guideline 4.1 (hàng priority) và 4.2 dòng 2 ghi rõ bát giác → priority, nhưng mục 10 không có lỗi thường gặp ""STOP màu đỏ nên chọn prohibitory""; peer có thể đã áp dòng 3 (viền đỏ) theo màu."
GTS23,d2,cả hai biển STOP có ego_relevant=relevant (không được not_relevant),critical,decision,traffic_sign [ego_relevant=relevant;needs_review=false;sign_group=mandatory;visibility=clear] | traffic_sign [ego_relevant=relevant;needs_review=false;sign_group=prohibitory;visibility=clear]×2,1,Cả hai biển STOP relevant (không not_relevant).
GTS23,d3,sign_group=mandatory cho biển tròn xanh mũi tên chéo bên trái; khung riêng,major,decision,traffic_sign [ego_relevant=relevant;needs_review=false;sign_group=mandatory;visibility=clear] | traffic_sign [ego_relevant=relevant;needs_review=false;sign_group=prohibitory;visibility=clear]×2,1,"Biển tròn xanh mũi tên là khung riêng, mandatory."
GTS23,d4,tổng 3 khung; không vẽ tấm chỉ đường xanh/vàng và mặt sau biển tròn tối ở giữa,major,decision,traffic_sign [ego_relevant=relevant;needs_review=false;sign_group=mandatory;visibility=clear] | traffic_sign [ego_relevant=relevant;needs_review=false;sign_group=prohibitory;visibility=clear]×2,1,Tổng 3 khung; không vẽ tấm chỉ đường và mặt sau biển tròn.
GTS09,d1,không vẽ 6 tấm chỉ đường xếp chồng trên cột giữa và tấm tên đường,major,decision,traffic_sign [ego_relevant=relevant;needs_review=false;sign_group=information;visibility=clear]×2 | traffic_sign [ego_relevant=relevant;needs_review=false;sign_group=mandatory;visibility=clear] | traffic_sign [ego_relevant=relevant;needs_review=false;sign_group=mandatory;visibility=poor],1,Không có khung nào cho 6 tấm chỉ đường và tấm tên đường.
GTS09,d2,sign_group=information cho mỗi biển vuông xanh người đi bộ (2 khung),major,decision,traffic_sign [ego_relevant=relevant;needs_review=false;sign_group=information;visibility=clear]×2 | traffic_sign [ego_relevant=relevant;needs_review=false;sign_group=mandatory;visibility=clear] | traffic_sign [ego_relevant=relevant;needs_review=false;sign_group=mandatory;visibility=poor],1,"2 biển vuông xanh người đi bộ đều information ([384,511,430,558] và [1022,460,1075,518])."
GTS09,d3,sign_group=mandatory cho biển tròn xanh mũi tên chéo dưới biển người đi bộ bên trái,major,decision,traffic_sign [ego_relevant=relevant;needs_review=false;sign_group=information;visibility=clear]×2 | traffic_sign [ego_relevant=relevant;needs_review=false;sign_group=mandatory;visibility=clear] | traffic_sign [ego_relevant=relevant;needs_review=false;sign_group=mandatory;visibility=poor],1,"Biển tròn xanh mũi tên dưới biển người đi bộ là mandatory [391,612,425,649]. Peer vẽ thêm một biển tròn xanh nhỏ [353,548,369,565] mandatory/poor: gold không có dòng cho biển này, không trừ điểm."
