sample_id,decision_id,expected,severity,rationale
GTS18,d1,macro_count: prohibitory=1; danger=1,major,Image shows one circular speed-limit sign and one triangular warning sign on the same post; keep separate boxes and map by function.
GTS18,d2,ego_relevance=unknown when the image does not establish which route the ego follows,major,This is a single still image without route metadata; do not infer authority from proximity.
GTS18,d3,geometry: two separate tight rectangles around the circular and triangular sign faces; exclude pole and private notice,minor,The two traffic-sign faces are physically distinct even though they share a post.
GTS26,d1,class=danger for the distant upward-pointing triangular warning sign,critical,The small warning sign is visible on full-resolution inspection; do not leave this image empty.
GTS26,d2,geometry: tight rectangle around the visible triangle face only,minor,Exclude the post; draw the visible face rather than extending a box to guessed hidden pixels.
GTS27,d1,class=danger for the triangular snow-warning sign; visibility=readable,major,The warning symbol is distinguishable in the provided image; low light alone does not make the sign blurry.
GTS23,d1,class=prohibitory for the left STOP sign,critical,STOP is assigned to the prohibitory macro by this R&D lab mapping; this is not a statement of Vietnamese legal taxonomy.
GTS23,d2,class=prohibitory for the right STOP sign,critical,The second STOP face is a separate instance; missing either is a critical completeness error in this exercise.
GTS23,d3,class=mandatory for the blue circular directional-arrow sign; keep separate from both STOP signs,major,The arrow is a distinct mandatory sign face; do not merge with nearby supports or STOP signs.
GTS23,d4,geometry: separate tight rectangles around sign faces; exclude posts and direction panels,minor,Box each physical face independently; direction panels are separate traffic signs and belong to other if annotated.
GTS09,d1,class=other for the blue pedestrian-crossing information signs and direction panels,major,These are confirmed traffic signs outside the three R&D macro-groups; do not omit them or force them into danger.
GTS09,d2,class=mandatory for the blue circular keep-right arrow; ego_relevance=unknown without route metadata,major,The mandatory sign must remain distinct; a still image alone does not establish whether it governs the ego path.
